"pk","sk","attempt","cap","createdAt","iun","notificationSentAt","prepareRequestDate","priority","productType","province","requestId","senderPaId","tenderId","unifiedDeliveryDriver","week_delivery","ID_SIMULAZIONE"
"2025-08-04~EVALUATE_PRINT_CAPACITY","1~2025-07-27T10:00:07Z~RequestId7","0","00178","2025-08-08T14:51:12.534727776Z","YDTA-XNPA-UXVL-202506-M-7","2025-07-27T00:07:00Z","2025-07-27T10:00:07Z","1","RS","RM","RequestId7","senderPaId1","20250319","Poste","2025-07-27","1"
"2025-08-04~EVALUATE_PRINT_CAPACITY","1~2025-07-27T10:00:08Z~RequestId8","0","00178","2025-08-08T14:51:12.534848025Z","YDTA-XNPA-UXVL-202506-M-8","2025-07-27T00:08:00Z","2025-07-27T10:00:08Z","1","RS","RM","RequestId8","senderPaId1","20250319","Poste","2025-07-27","1"
"2025-08-04~EVALUATE_PRINT_CAPACITY","1~2025-07-27T10:00:15Z~RequestId15","0","00178","2025-08-08T14:51:12.534872726Z","YDTA-XNPA-UXVL-202506-M-15","2025-07-27T00:15:00Z","2025-07-27T10:00:15Z","1","RS","RM","RequestId15","senderPaId2","20250319","Poste","2025-07-27","1"
"2025-08-04~EVALUATE_PRINT_CAPACITY","1~2025-07-27T10:00:16Z~RequestId16","0","00178","2025-08-08T14:51:12.534895258Z","YDTA-XNPA-UXVL-202506-M-16","2025-07-27T00:16:00Z","2025-07-27T10:00:16Z","1","RS","RM","RequestId16","senderPaId2","20250319","Poste","2025-07-27","1"
"2025-08-04~EVALUATE_PRINT_CAPACITY","1~2025-07-27T10:00:25Z~RequestId25","0","00178","2025-08-08T14:51:12.534916835Z","YDTA-XNPA-UXVL-202506-M-25","2025-07-27T00:25:00Z","2025-07-27T10:00:25Z","1","RS","RM","RequestId25","senderPaId3","20250319","Poste","2025-07-27","1"
"2025-08-04~EVALUATE_PRINT_CAPACITY","1~2025-07-27T10:00:26Z~RequestId26","0","00178","2025-08-08T14:51:12.534938126Z","YDTA-XNPA-UXVL-202506-M-26","2025-07-27T00:26:00Z","2025-07-27T10:00:26Z","1","RS","RM","RequestId26","senderPaId3","20250319","Poste","2025-07-27","1"
"2025-08-04~EVALUATE_PRINT_CAPACITY","1~2025-07-27T10:00:48Z~RequestId48","0","67100","2025-08-08T14:49:50.750484839Z","YDTA-XNPA-UXVL-202506-M-48","2025-07-27T00:48:00Z","2025-07-27T10:00:48Z","1","RS","AQ","RequestId48","senderPaId2","20250319","Fulmine","2025-07-27","1"
"2025-08-04~EVALUATE_PRINT_CAPACITY","1~2025-07-27T10:00:49Z~RequestId49","0","67100","2025-08-08T14:49:52.148931036Z","YDTA-XNPA-UXVL-202506-M-49","2025-07-27T00:49:00Z","2025-07-27T10:00:49Z","1","RS","AQ","RequestId49","senderPaId2","20250319","Fulmine","2025-07-27","1"
"2025-08-04~EVALUATE_PRINT_CAPACITY","1~2025-07-27T10:01:00Z~RequestId60","0","67100","2025-08-08T14:49:52.148967607Z","YDTA-XNPA-UXVL-202506-M-60","2025-07-27T01:00:00Z","2025-07-27T10:01:00Z","1","RS","AQ","RequestId60","senderPaId3","20250319","Fulmine","2025-07-27","1"
"2025-08-04~EVALUATE_PRINT_CAPACITY","1~2025-07-27T10:01:22Z~RequestId72","0","60121","2025-08-08T14:49:52.756042958Z","YDTA-XNPA-UXVL-202506-M-72","2025-07-27T01:12:00Z","2025-07-27T10:01:22Z","1","RS","AN","RequestId72","senderPaId1","20250319","Fulmine","2025-07-27","1"
"2025-08-04~EVALUATE_PRINT_CAPACITY","1~2025-07-27T10:01:23Z~RequestId73","0","60121","2025-08-08T14:49:52.756113265Z","YDTA-XNPA-UXVL-202506-M-73","2025-07-27T01:13:00Z","2025-07-27T10:01:23Z","1","RS","AN","RequestId73","senderPaId1","20250319","Fulmine","2025-07-27","1"
"2025-08-04~EVALUATE_PRINT_CAPACITY","1~2025-07-27T10:01:36Z~RequestId86","0","60125","2025-08-08T14:49:52.562472438Z","YDTA-XNPA-UXVL-202506-M-86","2025-07-27T01:27:00Z","2025-07-27T10:01:36Z","1","RS","AN","RequestId86","senderPaId2","20250319","Fulmine","2025-07-27","1"
"2025-08-04~EVALUATE_PRINT_CAPACITY","1~2025-07-27T10:01:37Z~RequestId87","0","60125","2025-08-08T14:49:52.562564165Z","YDTA-XNPA-UXVL-202506-M-87","2025-07-27T01:28:00Z","2025-07-27T10:01:37Z","1","RS","AN","RequestId87","senderPaId2","20250319","Fulmine","2025-07-27","1"
"2025-08-04~EVALUATE_PRINT_CAPACITY","1~2025-07-27T10:01:50Z~RequestId100","0","60125","2025-08-08T14:49:52.562617762Z","YDTA-XNPA-UXVL-202506-M-100","2025-07-27T01:41:00Z","2025-07-27T10:01:50Z","1","RS","AN","RequestId100","senderPaId3","20250319","Fulmine","2025-07-27","1"
"2025-08-04~EVALUATE_PRINT_CAPACITY","2~2025-07-27T10:00:09Z~RequestId9","1","00178","2025-08-08T14:51:12.534963092Z","YDTA-XNPA-UXVL-202506-M-9","2025-07-27T00:09:00Z","2025-07-27T10:00:09Z","2","890","RM","RequestId9","senderPaId1","20250319","Poste","2025-07-27","1"
"2025-08-04~EVALUATE_PRINT_CAPACITY","2~2025-07-27T10:00:10Z~RequestId10","1","00178","2025-08-08T14:51:12.534983144Z","YDTA-XNPA-UXVL-202506-M-10","2025-07-27T00:10:00Z","2025-07-27T10:00:10Z","2","AR","RM","RequestId10","senderPaId1","20250319","Poste","2025-07-27","1"
"2025-08-04~EVALUATE_PRINT_CAPACITY","2~2025-07-27T10:00:17Z~RequestId17","1","00178","2025-08-08T14:51:12.535002453Z","YDTA-XNPA-UXVL-202506-M-17","2025-07-27T00:17:00Z","2025-07-27T10:00:17Z","2","890","RM","RequestId17","senderPaId2","20250319","Poste","2025-07-27","1"
"2025-08-04~EVALUATE_PRINT_CAPACITY","2~2025-07-27T10:00:18Z~RequestId18","1","00178","2025-08-08T14:51:12.535021862Z","YDTA-XNPA-UXVL-202506-M-18","2025-07-27T00:18:00Z","2025-07-27T10:00:18Z","2","AR","RM","RequestId18","senderPaId2","20250319","Poste","2025-07-27","1"
"2025-08-04~EVALUATE_PRINT_CAPACITY","2~2025-07-27T10:00:27Z~RequestId27","1","00178","2025-08-08T14:51:12.535055170Z","YDTA-XNPA-UXVL-202506-M-27","2025-07-27T00:27:00Z","2025-07-27T10:00:27Z","2","890","RM","RequestId27","senderPaId3","20250319","Poste","2025-07-27","1"
"2025-08-04~EVALUATE_PRINT_CAPACITY","2~2025-07-27T10:00:28Z~RequestId28","1","00178","2025-08-08T14:51:12.535093303Z","YDTA-XNPA-UXVL-202506-M-28","2025-07-27T00:28:00Z","2025-07-27T10:00:28Z","2","AR","RM","RequestId28","senderPaId3","20250319","Poste","2025-07-27","1"
"2025-08-04~EVALUATE_PRINT_CAPACITY","2~2025-07-27T10:00:41Z~RequestId41","1","67010","2025-08-08T14:50:43.296699960Z","YDTA-XNPA-UXVL-202506-M-41","2025-07-27T00:41:00Z","2025-07-27T10:00:41Z","2","890","AQ","RequestId41","senderPaId1","20250319","PostAndService","2025-07-27","1"
"2025-08-04~EVALUATE_PRINT_CAPACITY","2~2025-07-27T10:00:42Z~RequestId42","1","67010","2025-08-08T14:49:40.651718783Z","YDTA-XNPA-UXVL-202506-M-42","2025-07-27T00:42:00Z","2025-07-27T10:00:42Z","2","AR","AQ","RequestId42","senderPaId1","20250319","Poste","2025-07-27","1"
"2025-08-04~EVALUATE_PRINT_CAPACITY","2~2025-07-27T10:00:50Z~RequestId50","1","67100","2025-08-08T14:50:43.004139538Z","YDTA-XNPA-UXVL-202506-M-50","2025-07-27T00:50:00Z","2025-07-27T10:00:50Z","2","890","AQ","RequestId50","senderPaId2","20250319","PostAndService","2025-07-27","1"
"2025-08-04~EVALUATE_PRINT_CAPACITY","2~2025-07-27T10:00:51Z~RequestId51","1","67100","2025-08-08T14:49:40.452993254Z","YDTA-XNPA-UXVL-202506-M-51","2025-07-27T00:51:00Z","2025-07-27T10:00:51Z","2","AR","AQ","RequestId51","senderPaId2","20250319","Poste","2025-07-27","1"
"2025-08-04~EVALUATE_PRINT_CAPACITY","2~2025-07-27T10:01:12Z~RequestId62","1","67100","2025-08-08T14:50:43.004286008Z","YDTA-XNPA-UXVL-202506-M-62","2025-07-27T01:02:00Z","2025-07-27T10:01:12Z","2","890","AQ","RequestId62","senderPaId3","20250319","PostAndService","2025-07-27","1"
"2025-08-04~EVALUATE_PRINT_CAPACITY","2~2025-07-27T10:01:13Z~RequestId63","1","67100","2025-08-08T14:49:40.453076722Z","YDTA-XNPA-UXVL-202506-M-63","2025-07-27T01:03:00Z","2025-07-27T10:01:13Z","2","AR","AQ","RequestId63","senderPaId3","20250319","Poste","2025-07-27","1"
"2025-08-04~EVALUATE_PRINT_CAPACITY","2~2025-07-27T10:01:24Z~RequestId74","1","60121","2025-08-08T14:49:40.235327016Z","YDTA-XNPA-UXVL-202506-M-74","2025-07-27T01:14:00Z","2025-07-27T10:01:24Z","2","890","AN","RequestId74","senderPaId1","20250319","Poste","2025-07-27","1"
"2025-08-04~EVALUATE_PRINT_CAPACITY","2~2025-07-27T10:01:25Z~RequestId75","1","60121","2025-08-08T14:49:40.235368790Z","YDTA-XNPA-UXVL-202506-M-75","2025-07-27T01:15:00Z","2025-07-27T10:01:25Z","2","AR","AN","RequestId75","senderPaId1","20250319","Poste","2025-07-27","1"
"2025-08-04~EVALUATE_PRINT_CAPACITY","2~2025-07-27T10:01:38Z~RequestId88","1","60125","2025-08-08T14:49:40.035010076Z","YDTA-XNPA-UXVL-202506-M-88","2025-07-27T01:29:00Z","2025-07-27T10:01:38Z","2","890","AN","RequestId88","senderPaId2","20250319","Poste","2025-07-27","1"
"2025-08-04~EVALUATE_PRINT_CAPACITY","2~2025-07-27T10:01:39Z~RequestId89","1","60125","2025-08-08T14:49:40.035099101Z","YDTA-XNPA-UXVL-202506-M-89","2025-07-27T01:30:00Z","2025-07-27T10:01:39Z","2","AR","AN","RequestId89","senderPaId2","20250319","Poste","2025-07-27","1"
"2025-08-04~EVALUATE_PRINT_CAPACITY","2~2025-07-27T10:01:52Z~RequestId102","1","60125","2025-08-08T14:49:40.035115913Z","YDTA-XNPA-UXVL-202506-M-102","2025-07-27T01:43:00Z","2025-07-27T10:01:52Z","2","890","AN","RequestId102","senderPaId3","20250319","Poste","2025-07-27","1"
"2025-08-04~EVALUATE_PRINT_CAPACITY","2~2025-07-27T10:01:53Z~RequestId103","1","60125","2025-08-08T14:49:40.035129881Z","YDTA-XNPA-UXVL-202506-M-103","2025-07-27T01:44:00Z","2025-07-27T10:01:53Z","2","AR","AN","RequestId103","senderPaId3","20250319","Poste","2025-07-27","1"
"2025-08-04~EVALUATE_PRINT_CAPACITY","3~2025-07-27T00:01:00Z~RequestId1","0","00139","2025-08-08T14:51:12.726331777Z","YDTA-XNPA-UXVL-202506-M-1","2025-07-27T00:01:00Z","2025-07-27T10:00:01Z","3","AR","RM","RequestId1","senderPaId1","20250319","Poste","2025-07-27","1"
"2025-08-04~EVALUATE_PRINT_CAPACITY","3~2025-07-27T00:02:00Z~RequestId2","0","00139","2025-08-08T14:51:12.726379789Z","YDTA-XNPA-UXVL-202506-M-2","2025-07-27T00:02:00Z","2025-07-27T10:00:02Z","3","AR","RM","RequestId2","senderPaId1","20250319","Poste","2025-07-27","1"
"2025-08-04~EVALUATE_PRINT_CAPACITY","3~2025-07-27T00:05:00Z~RequestId5","0","00178","2025-08-08T14:51:12.535114382Z","YDTA-XNPA-UXVL-202506-M-5","2025-07-27T00:05:00Z","2025-07-27T10:00:05Z","3","890","RM","RequestId5","senderPaId1","20250319","Poste","2025-07-27","1"
"2025-08-04~EVALUATE_PRINT_CAPACITY","3~2025-07-27T00:06:00Z~RequestId6","0","00178","2025-08-08T14:51:12.535134396Z","YDTA-XNPA-UXVL-202506-M-6","2025-07-27T00:06:00Z","2025-07-27T10:00:06Z","3","890","RM","RequestId6","senderPaId1","20250319","Poste","2025-07-27","1"
"2025-08-04~EVALUATE_PRINT_CAPACITY","3~2025-07-27T00:11:00Z~RequestId11","0","00178","2025-08-08T14:51:12.625371859Z","YDTA-XNPA-UXVL-202506-M-11","2025-07-27T00:11:00Z","2025-07-27T10:00:11Z","3","AR","RM","RequestId11","senderPaId2","20250319","Poste","2025-07-27","1"
"2025-08-04~EVALUATE_PRINT_CAPACITY","3~2025-07-27T00:12:00Z~RequestId12","0","00178","2025-08-08T14:51:12.625417196Z","YDTA-XNPA-UXVL-202506-M-12","2025-07-27T00:12:00Z","2025-07-27T10:00:12Z","3","AR","RM","RequestId12","senderPaId2","20250319","Poste","2025-07-27","1"
"2025-08-04~EVALUATE_PRINT_CAPACITY","3~2025-07-27T00:13:00Z~RequestId13","0","00178","2025-08-08T14:51:12.625452303Z","YDTA-XNPA-UXVL-202506-M-13","2025-07-27T00:13:00Z","2025-07-27T10:00:13Z","3","890","RM","RequestId13","senderPaId2","20250319","Poste","2025-07-27","1"
"2025-08-04~EVALUATE_PRINT_CAPACITY","3~2025-07-27T00:14:00Z~RequestId14","0","00178","2025-08-08T14:51:12.625472136Z","YDTA-XNPA-UXVL-202506-M-14","2025-07-27T00:14:00Z","2025-07-27T10:00:14Z","3","890","RM","RequestId14","senderPaId2","20250319","Poste","2025-07-27","1"
"2025-08-04~EVALUATE_PRINT_CAPACITY","3~2025-07-27T00:19:00Z~RequestId19","0","00178","2025-08-08T14:54:07.203908674Z","YDTA-XNPA-UXVL-202506-M-19","2025-07-27T00:19:00Z","2025-07-27T10:00:19Z","3","AR","RM","RequestId19","senderPaId3","20250319","Poste","2025-07-27","1"
"2025-08-04~EVALUATE_PRINT_CAPACITY","3~2025-07-27T00:20:00Z~RequestId20","0","00178","2025-08-08T14:54:07.204073484Z","YDTA-XNPA-UXVL-202506-M-20","2025-07-27T00:20:00Z","2025-07-27T10:00:20Z","3","AR","RM","RequestId20","senderPaId3","20250319","Poste","2025-07-27","1"
"2025-08-04~EVALUATE_PRINT_CAPACITY","3~2025-07-27T00:21:00Z~RequestId21","0","00178","2025-08-08T14:54:07.204101562Z","YDTA-XNPA-UXVL-202506-M-21","2025-07-27T00:21:00Z","2025-07-27T10:00:21Z","3","AR","RM","RequestId21","senderPaId3","20250319","Poste","2025-07-27","1"
"2025-08-04~EVALUATE_PRINT_CAPACITY","3~2025-07-27T00:22:00Z~RequestId22","0","00178","2025-08-08T14:54:07.204300573Z","YDTA-XNPA-UXVL-202506-M-22","2025-07-27T00:22:00Z","2025-07-27T10:00:22Z","3","890","RM","RequestId22","senderPaId3","20250319","Poste","2025-07-27","1"
"2025-08-04~EVALUATE_PRINT_CAPACITY","3~2025-07-27T00:29:00Z~RequestId29","0","67010","2025-08-08T14:54:25.561407598Z","YDTA-XNPA-UXVL-202506-M-29","2025-07-27T00:29:00Z","2025-07-27T10:00:29Z","3","AR","AQ","RequestId29","senderPaId1","20250319","Poste","2025-07-27","1"
"2025-08-04~EVALUATE_PRINT_CAPACITY","3~2025-07-27T00:30:00Z~RequestId30","0","67010","2025-08-08T14:54:25.561561902Z","YDTA-XNPA-UXVL-202506-M-30","2025-07-27T00:30:00Z","2025-07-27T10:00:30Z","3","AR","AQ","RequestId30","senderPaId1","20250319","Poste","2025-07-27","1"
"2025-08-04~EVALUATE_PRINT_CAPACITY","3~2025-07-27T00:31:00Z~RequestId31","0","67010","2025-08-08T14:54:25.561590421Z","YDTA-XNPA-UXVL-202506-M-31","2025-07-27T00:31:00Z","2025-07-27T10:00:31Z","3","AR","AQ","RequestId31","senderPaId1","20250319","Poste","2025-07-27","1"
"2025-08-04~EVALUATE_PRINT_CAPACITY","3~2025-07-27T00:32:00Z~RequestId32","0","67010","2025-08-08T14:54:25.561612385Z","YDTA-XNPA-UXVL-202506-M-32","2025-07-27T00:32:00Z","2025-07-27T10:00:32Z","3","AR","AQ","RequestId32","senderPaId1","20250319","Poste","2025-07-27","1"
"2025-08-04~EVALUATE_PRINT_CAPACITY","3~2025-07-27T00:34:00Z~RequestId34","0","67010","2025-08-08T14:50:43.296773536Z","YDTA-XNPA-UXVL-202506-M-34","2025-07-27T00:34:00Z","2025-07-27T10:00:34Z","3","890","AQ","RequestId34","senderPaId1","20250319","PostAndService","2025-07-27","1"
"2025-08-04~EVALUATE_PRINT_CAPACITY","3~2025-07-27T00:35:00Z~RequestId35","0","67010","2025-08-08T14:50:43.296815713Z","YDTA-XNPA-UXVL-202506-M-35","2025-07-27T00:35:00Z","2025-07-27T10:00:35Z","3","890","AQ","RequestId35","senderPaId1","20250319","PostAndService","2025-07-27","1"
"2025-08-04~EVALUATE_PRINT_CAPACITY","3~2025-07-27T00:36:00Z~RequestId36","0","67010","2025-08-08T14:50:43.296838676Z","YDTA-XNPA-UXVL-202506-M-36","2025-07-27T00:36:00Z","2025-07-27T10:00:36Z","3","890","AQ","RequestId36","senderPaId1","20250319","PostAndService","2025-07-27","1"
"2025-08-04~EVALUATE_PRINT_CAPACITY","3~2025-07-27T00:37:00Z~RequestId37","0","67010","2025-08-08T14:50:43.296875419Z","YDTA-XNPA-UXVL-202506-M-37","2025-07-27T00:37:00Z","2025-07-27T10:00:37Z","3","890","AQ","RequestId37","senderPaId1","20250319","PostAndService","2025-07-27","1"
"2025-08-04~EVALUATE_PRINT_CAPACITY","3~2025-07-27T00:38:00Z~RequestId38","0","67010","2025-08-08T14:54:32.548798027Z","YDTA-XNPA-UXVL-202506-M-38","2025-07-27T00:38:00Z","2025-07-27T10:00:38Z","3","890","AQ","RequestId38","senderPaId1","20250319","PostAndService","2025-07-27","1"
"2025-08-04~EVALUATE_PRINT_CAPACITY","3~2025-07-27T00:45:00Z~RequestId45","0","67100","2025-08-08T14:50:43.004304470Z","YDTA-XNPA-UXVL-202506-M-45","2025-07-27T00:45:00Z","2025-07-27T10:00:45Z","3","890","AQ","RequestId45","senderPaId2","20250319","PostAndService","2025-07-27","1"
"2025-08-04~EVALUATE_PRINT_CAPACITY","3~2025-07-27T00:46:00Z~RequestId46","0","67100","2025-08-08T14:50:43.004319525Z","YDTA-XNPA-UXVL-202506-M-46","2025-07-27T00:46:00Z","2025-07-27T10:00:46Z","3","890","AQ","RequestId46","senderPaId2","20250319","PostAndService","2025-07-27","1"
"2025-08-04~EVALUATE_PRINT_CAPACITY","3~2025-07-27T01:04:00Z~RequestId64","0","60121","2025-08-08T14:49:40.235384332Z","YDTA-XNPA-UXVL-202506-M-64","2025-07-27T01:04:00Z","2025-07-27T10:01:14Z","3","AR","AN","RequestId64","senderPaId1","20250319","Poste","2025-07-27","1"
"2025-08-04~EVALUATE_PRINT_CAPACITY","3~2025-07-27T01:05:00Z~RequestId65","0","60121","2025-08-08T14:49:40.235397572Z","YDTA-XNPA-UXVL-202506-M-65","2025-07-27T01:05:00Z","2025-07-27T10:01:15Z","3","AR","AN","RequestId65","senderPaId1","20250319","Poste","2025-07-27","1"
"2025-08-04~EVALUATE_PRINT_CAPACITY","3~2025-07-27T01:06:00Z~RequestId66","0","60121","2025-08-08T14:53:53.324171931Z","YDTA-XNPA-UXVL-202506-M-66","2025-07-27T01:06:00Z","2025-07-27T10:01:16Z","3","AR","AN","RequestId66","senderPaId1","20250319","Poste","2025-07-27","1"
"2025-08-04~EVALUATE_PRINT_CAPACITY","3~2025-07-27T01:07:00Z~RequestId67","0","60121","2025-08-08T14:53:53.324260308Z","YDTA-XNPA-UXVL-202506-M-67","2025-07-27T01:07:00Z","2025-07-27T10:01:17Z","3","AR","AN","RequestId67","senderPaId1","20250319","Poste","2025-07-27","1"
"2025-08-04~EVALUATE_PRINT_CAPACITY","3~2025-07-27T01:08:00Z~RequestId68","0","60121","2025-08-08T14:53:53.324276785Z","YDTA-XNPA-UXVL-202506-M-68","2025-07-27T01:08:00Z","2025-07-27T10:01:18Z","3","AR","AN","RequestId68","senderPaId1","20250319","Poste","2025-07-27","1"
"2025-08-04~EVALUATE_PRINT_CAPACITY","3~2025-07-27T01:09:00Z~RequestId69","0","60121","2025-08-08T14:49:40.235410168Z","YDTA-XNPA-UXVL-202506-M-69","2025-07-27T01:09:00Z","2025-07-27T10:01:19Z","3","890","AN","RequestId69","senderPaId1","20250319","Poste","2025-07-27","1"
"2025-08-04~EVALUATE_PRINT_CAPACITY","3~2025-07-27T01:10:00Z~RequestId70","0","60121","2025-08-08T14:49:40.235422071Z","YDTA-XNPA-UXVL-202506-M-70","2025-07-27T01:10:00Z","2025-07-27T10:01:20Z","3","890","AN","RequestId70","senderPaId1","20250319","Poste","2025-07-27","1"
"2025-08-04~EVALUATE_PRINT_CAPACITY","3~2025-07-27T01:16:00Z~RequestId76","0","60121","2025-08-08T14:49:40.235433850Z","YDTA-XNPA-UXVL-202506-M-76","2025-07-27T01:16:00Z","2025-07-27T10:01:26Z","3","AR","AN","RequestId76","senderPaId2","20250319","Poste","2025-07-27","1"
"2025-08-04~EVALUATE_PRINT_CAPACITY","3~2025-07-27T01:22:00Z~RequestId81","0","60121","2025-08-08T14:49:40.235461572Z","YDTA-XNPA-UXVL-202506-M-81","2025-07-27T01:22:00Z","2025-07-27T10:01:31Z","3","890","AN","RequestId81","senderPaId2","20250319","Poste","2025-07-27","1"